{
  "report_type": "case",
  "case_name": "Synthetic Model Inversion",
  "source": "E:\\deeplearn\\python1\\computer\\transunet\\examples\\example one\\Synthetic Model Inversion.vti",
  "loss": 0.35595253109931946,
  "deep_iou": 0.8252149224281311,
  "relative_error": 14036.837890625,
  "density_rmse": 0.07982433587312698,
  "gravity_rmse": 0.8200746178627014,
  "density_corr": 0.96605400748119,
  "gravity_corr": 0.9996066194252795,
  "pred_min": -0.09630749374628067,
  "pred_max": 0.9519749283790588,
  "true_min": 0.0,
  "true_max": 1.0
}