report_type,case_name,source,loss,deep_iou,relative_error,density_rmse,gravity_rmse,density_corr,gravity_corr,pred_min,pred_max,true_min,true_max,mean_loss,mean_case_loss,mean_deep_iou,mean_relative_error,num_cases
case,Synthetic Model Inversion,E:\deeplearn\python1\computer\transunet\examples\example one\Synthetic Model Inversion.vti,0.35595253109931946,0.8252149224281311,14036.837890625,0.07982433587312698,0.8200746178627014,0.96605400748119,0.9996066194252795,-0.09630749374628067,0.9519749283790588,0.0,1.0,,,,,
case,Complex Terrain Model,E:\deeplearn\python1\computer\transunet\examples\example three\Complex Terrain Model.vti,0.07392849773168564,0.4634920656681061,17524.9765625,0.0650981217622757,0.26168885827064514,0.8316848441527765,0.9938784103130481,-0.1810600310564041,1.0329375267028809,0.0,0.5,,,,,
case,Complex Geological Structure,E:\deeplearn\python1\computer\transunet\examples\example two\Complex Geological Structure.vti,0.45487263798713684,0.7626613974571228,21075.416015625,0.10994145274162292,0.7451258897781372,0.9544348828977184,0.9993807789956144,-0.8312221765518188,0.9182712435722351,-1.0,1.0,,,,,
summary,,,,,,,,,,,,,,0.29491788893938065,0.29491788893938065,0.68378946185112,17545.743489583332,3
