{
  "case_type": "vti_example",
  "case_name": "Synthetic Model Inversion",
  "source": "E:\\deeplearn\\python1\\computer\\transunet\\examples\\example one\\Synthetic Model Inversion.vti",
  "grid_shape_model": [
    16,
    32,
    32
  ],
  "grid_shape_true": [
    16,
    32,
    32
  ],
  "grid_shape_pred": [
    16,
    32,
    32
  ],
  "data_mode": "joint",
  "dx": 100.0,
  "dy": 100.0,
  "dz": 100.0,
  "raw_density_corr": 0.96605400748119,
  "sign_flipped": false,
  "true_density_min": 0.0,
  "true_density_max": 1.0,
  "pred_density_min": -0.09630749374628067,
  "pred_density_max": 0.9519749283790588,
  "obs_gzz_min": -147.0162811279297,
  "obs_gzz_max": 7.672021389007568,
  "pred_gzz_min": -113.22049635006161,
  "pred_gzz_max": 9.886997618836844,
  "density_rmse": 0.07982433587312698,
  "density_mae": 0.029902435839176178,
  "density_corr": 0.96605400748119,
  "gzz_rmse": 10.492595068831658,
  "gzz_mae": 5.936952681019855,
  "gzz_corr": 0.9989634397303022
}