{
  "case_type": "vti_example",
  "case_name": "Complex Geological Structure",
  "source": "E:\\deeplearn\\python1\\computer\\transunet\\examples\\example two\\Complex Geological Structure.vti",
  "grid_shape_model": [
    16,
    32,
    32
  ],
  "grid_shape_true": [
    16,
    32,
    32
  ],
  "grid_shape_pred": [
    16,
    32,
    32
  ],
  "data_mode": "joint",
  "dx": 100.0,
  "dy": 100.0,
  "dz": 100.0,
  "raw_density_corr": 0.9544348828977184,
  "sign_flipped": false,
  "true_density_min": -1.0,
  "true_density_max": 1.0,
  "pred_density_min": -0.8312221765518188,
  "pred_density_max": 0.9182712435722351,
  "obs_gzz_min": -132.62496948242188,
  "obs_gzz_max": 132.62496948242188,
  "pred_gzz_min": -96.88230896577717,
  "pred_gzz_max": 89.08813208377387,
  "density_rmse": 0.10994145274162292,
  "density_mae": 0.04726824909448624,
  "density_corr": 0.9544348828977184,
  "gzz_rmse": 14.700966327296424,
  "gzz_mae": 9.46292645532587,
  "gzz_corr": 0.9984868124227838
}