case_type,case_name,source,grid_shape_model,grid_shape_true,grid_shape_pred,data_mode,dx,dy,dz,raw_density_corr,sign_flipped,true_density_min,true_density_max,pred_density_min,pred_density_max,obs_gzz_min,obs_gzz_max,pred_gzz_min,pred_gzz_max,density_rmse,density_mae,density_corr,gzz_rmse,gzz_mae,gzz_corr,raw_gzz_corr,sign_flipped_from_gzz,sign_flipped_during_scaling,scale_alpha,pred_density_norm_min,pred_density_norm_max,pred_density_physical_min,pred_density_physical_max
vti_example,Synthetic Model Inversion,E:\deeplearn\python1\computer\transunet\examples\example one\Synthetic Model Inversion.vti,"[16, 32, 32]","[16, 32, 32]","[16, 32, 32]",joint,100.0,100.0,100.0,0.96605400748119,False,0.0,1.0,-0.09630749374628067,0.9519749283790588,-147.0162811279297,7.672021389007568,-113.22049635006161,9.886997618836844,0.07982433587312698,0.029902435839176178,0.96605400748119,10.492595068831658,5.936952681019855,0.9989634397303022,,,,,,,,
vti_example,Complex Terrain Model,E:\deeplearn\python1\computer\transunet\examples\example three\Complex Terrain Model.vti,"[16, 32, 32]","[16, 32, 32]","[16, 32, 32]",joint,100.0,100.0,100.0,0.8316848441527765,False,0.0,0.5,-0.1810600310564041,1.0329375267028809,-43.96210479736328,1.5858778953552246,-72.54049767050923,7.9994519635682755,0.0650981217622757,0.02234242483973503,0.8316848441527765,4.093191453339655,2.598572749147807,0.987616000925282,,,,,,,,
vti_example,Complex Geological Structure,E:\deeplearn\python1\computer\transunet\examples\example two\Complex Geological Structure.vti,"[16, 32, 32]","[16, 32, 32]","[16, 32, 32]",joint,100.0,100.0,100.0,0.9544348828977184,False,-1.0,1.0,-0.8312221765518188,0.9182712435722351,-132.62496948242188,132.62496948242188,-96.88230896577717,89.08813208377387,0.10994145274162292,0.04726824909448624,0.9544348828977184,14.700966327296424,9.46292645532587,0.9984868124227838,,,,,,,,
field_gzz,Gzz,E:\deeplearn\python1\computer\transunet\Field data example\Gzz.txt,"[16, 32, 32]",,"[16, 32, 32]",joint,100.0,100.0,100.0,,,,,,,-25.02603530883789,65.48606872558594,-12.719653964343978,30.26034320960494,,,,9.084210199246561,6.249757964689216,0.8339212192451942,0.9149502778932859,False,False,5.0,-0.7437512278556824,0.3697017729282379,-200.0,500.0
